mu,step,step_over_mu,actual_loss_change,linear_prediction,taylor_abs_error,taylor_abs_error_over_step,directional_finite_difference,gradient_dot_direction,finite_difference_abs_error,mean_gradient_dot_direction,mean_directional_finite_difference,mean_finite_difference_abs_error,sum_to_mean_finite_difference_ratio,mean_scaling_abs_error
1.0,1.0,1.0,2.34,1.1,1.2399999999999998,1.2399999999999998,0.7624999999999993,1.1,0.3375000000000008,0.22000000000000003,0.15249999999999986,0.06750000000000017,5.0,0.5424999999999993
1.0,0.3,0.3,0.4488000000000003,0.33,0.1188000000000003,0.396000000000001,1.1000000000000003,1.1,2.220446049250313e-16,0.22000000000000003,0.21999999999999983,1.942890293094024e-16,5.000000000000005,0.8800000000000003
1.0,0.1,0.1,0.12320000000000064,0.11000000000000001,0.013200000000000628,0.13200000000000628,1.0999999999999988,1.1,1.3322676295501878e-15,0.22000000000000003,0.2200000000000002,1.6653345369377348e-16,4.99999999999999,0.8799999999999988
1.0,0.03,0.03,0.03418799999999944,0.033,0.0011879999999994395,0.03959999999998132,1.0999999999999974,1.1,2.6645352591003757e-15,0.22000000000000003,0.21999999999999797,2.0539125955565396e-15,5.000000000000035,0.8799999999999975
1.0,0.01,0.01,0.01113199999999992,0.011000000000000001,0.00013199999999991864,0.013199999999991864,1.100000000000012,1.1,1.199040866595169e-14,0.22000000000000003,0.21999999999999797,2.0539125955565396e-15,5.000000000000101,0.8800000000000121
1.0,0.003,0.003,0.003311880000000045,0.0033000000000000004,1.1880000000044372e-05,0.003960000000014791,1.0999999999999528,1.1,4.729550084903167e-14,0.22000000000000003,0.21999999999999797,2.0539125955565396e-15,4.999999999999831,0.8799999999999528
1.0,0.001,0.001,0.0011013200000000722,0.0011,1.320000000072175e-06,0.001320000000072175,1.0999999999996568,1.1,3.432809592140984e-13,0.22000000000000003,0.21999999999999797,2.0539125955565396e-15,4.999999999998486,0.8799999999996568
1.0,0.0003,0.0003,0.00033011879999911287,0.00033,1.1879999911286812e-07,0.0003959999970428938,1.0999999999983245,1.1,1.6755485887642863e-12,0.22000000000000003,0.21999999999966494,3.3509306440748787e-13,4.999999999999999,0.8799999999983246
1.0,0.0001,0.0001,0.00011001320000048054,0.00011000000000000002,1.3200000480520242e-08,0.00013200000480520242,1.1000000000027654,1.1,2.76534350973634e-12,0.22000000000000003,0.22000000000077513,7.75102204642053e-13,4.999999999994953,0.8800000000027655
1e-05,1e-05,1.0,2.34e-05,1.1000000000000001e-05,1.2399999999999998e-05,1.2399999999999998,0.7624999999999995,1.1,0.3375000000000006,0.22000000000000003,0.15249999999999997,0.06750000000000006,4.999999999999998,0.5424999999999995
1e-05,3e-06,0.3,4.488000000000015e-06,3.3e-06,1.1880000000000151e-06,0.396000000000005,1.1000000000000019,1.1,1.7763568394002505e-15,0.22000000000000003,0.22000000000000042,3.885780586188048e-16,4.999999999999999,0.8800000000000019
1e-05,1.0000000000000002e-06,0.1,1.2320000000000045e-06,1.1000000000000003e-06,1.320000000000042e-07,0.13200000000000417,1.0999999999999994,1.1,6.661338147750939e-16,0.22000000000000003,0.2200000000000004,3.608224830031759e-16,4.9999999999999885,0.8799999999999994
1e-05,3.0000000000000004e-07,0.030000000000000002,3.418800000000029e-07,3.3000000000000007e-07,1.188000000000283e-08,0.039600000000009426,1.099999999999995,1.1,5.10702591327572e-15,0.22000000000000003,0.21999999999999673,3.3029134982598407e-15,5.0000000000000515,0.879999999999995
1e-05,1.0000000000000001e-07,0.01,1.1132000000000828e-07,1.1000000000000002e-07,1.3200000000082598e-09,0.013200000000082597,1.1000000000000403,1.1,4.0190073491430667e-14,0.22000000000000003,0.22000000000000805,8.021361352916756e-15,5.0,0.8800000000000403
1e-05,3.0000000000000004e-08,0.003,3.311880000000017e-08,3.3000000000000004e-08,1.1880000000016383e-10,0.00396000000000546,1.0999999999999273,1.1,7.283063041541027e-14,0.22000000000000003,0.2200000000000024,2.3592239273284576e-15,4.999999999999615,0.8799999999999273
1e-05,1e-08,0.001,1.1013200000009322e-08,1.1000000000000001e-08,1.3200000009321411e-11,0.001320000000932141,1.1000000000003791,1.1,3.7903014060702844e-13,0.22000000000000003,0.22000000000005887,5.88418203051333e-14,5.0000000000003855,0.8800000000003791
1e-05,3e-09,0.0003,3.3011880000026516e-09,3.3e-09,1.188000002651379e-12,0.000396000000883793,1.1000000000001533,1.1,1.532107773982716e-13,0.22000000000000003,0.22000000000014358,1.4355183708403274e-13,4.999999999997434,0.8800000000001533
1e-05,1e-09,0.0001,1.1001320000041614e-09,1.1000000000000001e-09,1.3200000416123046e-13,0.00013200000416123045,1.100000000002412,1.1,2.41184849869569e-12,0.22000000000000003,0.22000000000014358,1.4355183708403274e-13,5.0000000000077005,0.880000000002412
