iteration,sum_huber_loss,estimation_error
0,256704.09771366126,8.989939986199872
1,255707.2271781082,8.276472042009004
2,254931.0363363078,7.6556470564952
3,254363.40479978788,7.155844032610322
4,253899.0688315818,6.778234099447544
5,253542.48793552222,6.465706354313246
6,253325.43720285222,6.21396793167318
7,253188.2691753944,6.034569759403436
8,253089.35597301595,5.916197008465192
9,253011.58521430235,5.828273185000117
10,252949.94935455406,5.762653233241055
11,252902.26893567317,5.729307679705357
12,252860.51871599891,5.689796771557865
13,252833.20508746582,5.698758721088796
14,252815.36389997092,5.671744225557194
15,252801.30771681308,5.653422947382049
16,252789.6789987944,5.640176860405666
17,252779.9420407558,5.620390945594843
18,252770.63743882562,5.617426232247918
19,252764.42451654933,5.611980002416001
20,252754.36194413135,5.6183474329618415
21,252749.82235030984,5.611209343540809
22,252745.17239140862,5.6436829336609415
23,252742.2112966786,5.627623481166973
24,252739.63766550046,5.635826188233933
25,252737.56202410377,5.642382464954399
26,252730.7238975688,5.628486772203921
27,252729.65346902833,5.6360265635905105
28,252728.31215364314,5.6073228065831975
29,252729.82908471796,5.641128952119683
30,252726.9224481255,5.620063866312928
31,252725.96038403694,5.615216144345582
32,252724.6180576017,5.639910956153618
33,252722.82279990846,5.649733560871765
34,252724.52005241995,5.629920309691693
35,252725.09353750647,5.615847289307942
36,252724.3668706152,5.614338267631008
37,252723.92669727397,5.621006036019109
38,252718.9229153865,5.617006196659733
39,252721.26744335017,5.622826968437478
40,252719.24925182905,5.610202337802357
41,252722.79296818154,5.625292836768851
42,252721.93578297202,5.615460346720499
43,252721.4222102947,5.618889779655443
44,252721.27318117232,5.623669305355807
45,252723.55538756753,5.625158545850693
46,252722.6730457951,5.627756023401317
47,252722.0206444064,5.609836673309758
48,252722.32274341135,5.62811221021955
49,252724.98203121527,5.623716062705853
50,252723.69216806837,5.6153558214911845
51,252724.16112245785,5.640725150445888
52,252718.14388253092,5.606593804510496
53,252719.41229005498,5.6307785575868055
54,252721.77471466386,5.61752948530568
55,252726.77820333524,5.62057273896636
56,252723.9431560287,5.6233538878820815
57,252721.04625379515,5.642665393991269
58,252722.07355677633,5.593022207293489
59,252727.92918717276,5.631188622116732
60,252725.94479795394,5.611301541642482
61,252725.16776396788,5.641186075323716
62,252723.62094798466,5.612145920201627
63,252729.04647204414,5.601364631877654
64,252724.75595498743,5.615431523767977
65,252724.65804666164,5.644989246082842
66,252719.58851090627,5.60939081150647
67,252725.84507796692,5.636439659443307
68,252718.53290986212,5.614954744754815
69,252716.88691930473,5.641109349734356
70,252722.45929214585,5.64502239074969
71,252719.38972438668,5.639278359053153
72,252724.79365621123,5.619706493272996
73,252719.41330412403,5.614926171425366
74,252723.569562094,5.605736896708236
75,252722.88319344283,5.630927143018544
76,252727.79819669583,5.628494893344835
77,252719.70584989054,5.625666612353217
78,252723.8042678864,5.627771859927275
79,252720.26620435587,5.622363639778576
80,252723.77209903966,5.644898481236565
81,252727.19903610763,5.603213869582481
82,252726.2977290419,5.645401018005506
83,252725.45319200837,5.616348955054427
84,252723.8874118346,5.650941611749962
85,252724.57881461797,5.606710186688036
86,252720.1583177336,5.627916610103331
87,252722.0264903732,5.632159120390615
88,252720.43638469942,5.640223437628345
89,252720.88962098135,5.612606465101453
90,252723.41347345154,5.636887892942083
91,252722.28552375326,5.606021638518379
92,252722.0654338707,5.622836803956517
93,252725.6302560909,5.60676038757219
94,252720.7388078869,5.621510259881579
95,252725.26071980852,5.603571141481453
96,252722.46181568777,5.611802371590543
97,252724.61481792343,5.5957127134883
98,252723.14144780446,5.630061037754887
99,252723.3827023162,5.604085693884659
100,252725.75489694288,5.620557430716213
101,252720.85781778189,5.607419990130891
102,252720.39411635394,5.617819165988446
103,252720.76683285617,5.627956479757175
104,252726.59345830805,5.611331312638449
105,252725.11406842456,5.646367749850656
106,252719.7066876911,5.6314879887935625
107,252723.8215016455,5.628692809143039
108,252724.15795427127,5.630128983860476
109,252717.25236376468,5.643095908378407
110,252717.27697926323,5.608102904983096
111,252723.5630065684,5.626916458326099
112,252723.6244992156,5.6499374014097326
113,252722.7754269839,5.624246469055552
114,252725.08291275596,5.643567986964337
115,252719.92518538283,5.627385665277837
116,252722.77072848316,5.654684625742787
117,252721.76276390842,5.612290696933972
118,252727.890994309,5.650322212324158
119,252719.26883405936,5.623190568443261
120,252729.10566083816,5.6199835723778
121,252724.0699469164,5.644969110155848
122,252724.1426374257,5.605776696457289
123,252721.55884434207,5.644955946220098
124,252720.30865307845,5.6037981204672604
125,252720.1110779829,5.631694887297997
126,252720.3910102502,5.6098767677102845
127,252727.43189576548,5.631066290809869
128,252720.56216958354,5.6318858741309175
129,252722.84663975151,5.618144571372046
130,252720.28735147137,5.5919763511097305
131,252724.12948897743,5.635464734251465
132,252725.35655859997,5.597483879881793
133,252726.6940540226,5.637324104291722
134,252728.24044035992,5.6345533268323775
135,252723.9617265443,5.632045096396348
136,252725.221603682,5.6137841185349195
137,252722.0750187306,5.612684413406425
138,252724.1792912687,5.588763864213936
139,252722.6261769509,5.617864850520592
140,252723.55729208657,5.612653190034081
141,252720.89715294976,5.641759999948975
142,252722.1036323905,5.606747579163434
143,252726.97282844956,5.638383509895442
144,252723.84461968433,5.616341827190394
145,252724.58381659442,5.641159493515848
146,252722.81508328338,5.615494391670038
147,252725.42166801193,5.648479020582105
148,252725.82230151512,5.608566605651268
149,252718.7228114382,5.648188674198975
150,252722.40765973736,5.615414795438555
151,252723.94154694886,5.639461407451415
152,252726.36103778594,5.6197119670792635
153,252726.67223997126,5.668230000692287
154,252722.2976067532,5.6245849535027626
155,252721.6254175292,5.62803672945467
156,252721.399454983,5.580594610909558
157,252720.2628863016,5.62393183404396
158,252718.81941393862,5.620306238467308
159,252716.03282669472,5.610621565856755
160,252719.94976408,5.643235604588653
161,252722.99113366604,5.632966046606356
162,252729.94275294317,5.643534351174301
163,252723.6657775069,5.628114635708935
164,252725.37092887523,5.620375193482411
165,252719.78164828045,5.638433306491661
166,252718.23409908803,5.590246276790732
167,252727.69595271687,5.620266209768983
168,252718.03437861014,5.616639539144628
169,252722.90866423864,5.611717069034077
170,252720.50632231173,5.620692121097263
171,252726.54519233713,5.6177285985925325
172,252730.32356330185,5.639935872146466
173,252720.41261359392,5.637558920086632
174,252721.45205940126,5.618992077197142
175,252721.14528382148,5.623752161012278
176,252721.3997805703,5.604222364459542
177,252724.0326125789,5.634956687446098
178,252718.21767107002,5.6027331232283775
179,252725.26712077,5.603422464152403
180,252728.0011188778,5.6167219296229645
181,252720.27451421143,5.627177600230505
182,252727.0137754592,5.616949691255596
183,252719.89910416014,5.6411518149749345
184,252724.43237179815,5.59839043078312
185,252728.98245171906,5.64373416229107
186,252725.5466366692,5.598063574417151
187,252722.6995379887,5.613968134111236
188,252720.42899655935,5.605429328428886
189,252723.67727262084,5.637147177722863
190,252721.44461438572,5.603109922385203
191,252726.65792968438,5.628397266384464
192,252724.79784008412,5.619931230027798
193,252722.64438831675,5.620850820326131
194,252727.11213221913,5.605280035722617
195,252724.9138739803,5.637803753161171
196,252727.64760838723,5.602215885416114
197,252722.21128547066,5.636586583528354
198,252722.48090452218,5.601340440162759
199,252722.29594335234,5.635094719230619
200,252726.43428905262,5.579018144752129
201,252718.6329549905,5.626014903264102
202,252717.75711345684,5.5905381330002015
203,252719.93386883516,5.610164385854776
204,252721.63575056253,5.619995056797478
205,252720.339931541,5.617181763375666
206,252722.8837753389,5.636165669541326
207,252721.84023844532,5.614471756273055
208,252726.29066290896,5.622410844076618
209,252725.741454186,5.645373151706238
210,252722.40312924894,5.62422867663598
211,252719.01337076805,5.634297579169132
212,252722.80538327142,5.627219318134114
213,252729.17135832342,5.639835574321159
214,252721.83904452994,5.653864299375627
215,252719.71970868204,5.61904253748894
216,252720.27919168933,5.628895961407504
217,252722.34560155784,5.612257018571211
218,252719.97473667917,5.630080563058745
219,252724.01098182308,5.627654374524093
220,252726.34366184712,5.648165616764598
221,252723.3626834745,5.601330582207675
222,252721.61673245678,5.640832414086164
223,252720.1743515408,5.627158437857573
224,252720.09680935874,5.62377331519523
225,252721.89537779384,5.634924358512573
226,252724.56483954337,5.670585076656912
227,252723.31414903846,5.631586847658597
228,252719.70808649046,5.63490214031992
229,252723.94758801936,5.610761742325694
230,252731.63744201948,5.649366334088779
231,252726.7203690697,5.627363594636979
232,252724.9952688428,5.642384994731236
233,252725.9142443337,5.60674751346714
234,252725.96467868175,5.643433315232605
235,252723.03140506725,5.597614690293491
236,252720.5609527296,5.6380866013324225
237,252719.53928662336,5.600582206969575
238,252721.54349439498,5.6150950337208325
239,252723.43619496192,5.610013447646773
240,252726.04039953905,5.6231764597761655
241,252726.9427588873,5.614064136911591
242,252722.08166472847,5.65204241529333
243,252720.76751402905,5.612749704725609
244,252721.90344939093,5.630410016157118
245,252728.58521274582,5.60672730174827
246,252724.35650366487,5.6381189722931015
247,252719.17611636803,5.602766092132081
248,252720.8768144126,5.640351948992664
249,252720.21923949633,5.590639927178456
250,252724.2468057596,5.6281334148135755
251,252722.40757724893,5.607066451875097
252,252722.20054614072,5.646069020431834
253,252721.84747541818,5.580420901195959
254,252725.9207567401,5.610770490445564
255,252725.04389451435,5.586007422162813
256,252722.5194057223,5.6295735122474495
257,252723.47431399868,5.589363785888613
258,252722.19077079656,5.597217602852253
259,252716.7629458656,5.602752696588397
260,252724.29106870195,5.608555885630142
261,252719.27708643564,5.5931565802375145
262,252724.79378413892,5.630135639908547
263,252722.88584191338,5.6307552256133455
264,252720.18326725217,5.612526491550331
265,252719.60094448918,5.6363901376404995
266,252723.2943174013,5.611666803455564
267,252728.89282723374,5.619681046010442
268,252727.61604545475,5.610290779931129
269,252724.09713919254,5.635200909903792
270,252725.61083043393,5.603907189137045
271,252724.44838809484,5.618966977737514
272,252720.5175193994,5.591939450542863
273,252720.00670293282,5.6002431690493095
274,252720.697501051,5.604850483647086
275,252723.02212456655,5.6298776814754214
276,252725.557985824,5.591705768502285
277,252727.205292663,5.631609902155454
278,252728.95887847568,5.642729363298487
279,252721.2628547405,5.616951411701349
280,252725.03430525764,5.632963824702906
281,252720.1545584632,5.61441295692563
282,252719.49646272184,5.619583171413854
283,252723.65108020965,5.6235318962530965
284,252720.09762122802,5.5975722838233954
285,252722.9346062079,5.629655020301264
286,252722.75193907536,5.592018653324825
287,252722.81884947766,5.639103854763599
288,252723.63257814292,5.627470719127112
289,252725.44454928604,5.646867427596938
290,252717.73239031358,5.6133815467865125
291,252720.79458523524,5.6212211715225635
292,252723.36156656482,5.596622551675991
293,252727.82495948774,5.631603127949933
294,252719.06624074202,5.599118006327265
295,252720.0951765899,5.607521139711044
296,252721.3651866199,5.604219737584518
297,252724.53097453812,5.633110717832772
298,252721.76310716895,5.632355962805304
299,252721.02779119054,5.631085700352072
300,252721.12924274587,5.61884923168546
301,252720.0505743228,5.619526636377995
302,252717.76721275516,5.628199835738922
303,252720.28999346378,5.621970732095232
304,252721.74204065627,5.620603159583541
305,252722.69711516792,5.627615997465407
306,252723.34351988568,5.6290701296295955
307,252720.98837756057,5.617629896138094
308,252723.0074037741,5.624557010652136
309,252722.48247558367,5.621485562504189
310,252725.19823829655,5.603835745225187
311,252721.69499960457,5.6279995505040015
312,252726.21943523438,5.615195234465264
313,252723.27809190916,5.614518951227159
314,252725.925326848,5.599173802768997
315,252727.68108344864,5.623166658572757
316,252723.818215458,5.59745123604165
317,252723.85777852996,5.625388550607164
318,252721.16964529647,5.604607139141576
319,252720.58852163644,5.646725794955
320,252722.67382054275,5.6102387497316775
321,252725.83265582827,5.64121969532415
322,252725.61816974916,5.615486527956266
323,252726.27298344433,5.644560726165806
324,252727.3529712053,5.6317816320382486
325,252723.26004768407,5.645958463702011
326,252718.36243407702,5.622257230929906
327,252721.44980353728,5.652800041472882
328,252726.1964705116,5.611269599674606
329,252722.5085150901,5.628164240309228
330,252722.81582652862,5.616030617172895
331,252722.61478629377,5.629693771107553
332,252721.3577238348,5.622853205575593
333,252722.12983010313,5.6446340972170965
334,252723.525293615,5.611255878408906
335,252725.78038156952,5.6439359502802136
336,252727.18528375865,5.63873636495801
337,252726.5680366582,5.641730086135991
338,252720.6257991187,5.60577328082671
339,252721.13173915446,5.633158490923735
340,252723.05147878552,5.640399332520247
341,252722.0268637141,5.643532690491557
342,252717.6863781862,5.6081482748363385
343,252717.26342748033,5.617056348332315
344,252717.98674166965,5.607464501931096
345,252723.13418177026,5.624473311470735
346,252719.22243049525,5.607918300671336
347,252731.85520542474,5.631339023944812
348,252720.70206044684,5.597872179748043
349,252721.8165606073,5.628685185731791
350,252722.20699563785,5.606340987272411
351,252725.83484432366,5.634371008850639
352,252724.14538183896,5.623780160180699
353,252719.11404321005,5.61940853793146
354,252725.65732802698,5.624070345037775
355,252723.96859905083,5.6370096615213745
356,252727.47059776998,5.582779794290323
357,252722.96218059765,5.62208107038018
358,252726.83829017554,5.602692975213202
359,252724.079703913,5.647671565826119
360,252722.9074339079,5.607913256507351
361,252724.49167158012,5.648334212899349
362,252721.76607075607,5.604779309380948
363,252722.29802216077,5.610587225019128
364,252728.35402582283,5.643396903314292
365,252720.08011984034,5.6251769491586225
366,252723.80251556257,5.622750958221331
367,252718.74823743379,5.625408858800518
368,252718.86893429578,5.598886595749405
369,252717.89634231015,5.623285380730834
370,252724.39267638864,5.585747517504064
371,252720.14527296438,5.623635023113215
372,252724.58214585367,5.602135290580879
373,252723.05596395,5.622845576056399
374,252726.29873256743,5.619663409686242
375,252723.14582716412,5.644354945680036
376,252727.66458513797,5.613036494260363
377,252723.36189753655,5.631166639175211
378,252724.8964461177,5.629359266986551
379,252724.95883425,5.630547474824866
380,252722.7958868381,5.610500802300036
381,252721.5962631008,5.62674510219647
382,252723.9157865521,5.60032443534143
383,252722.2103880701,5.633254860706469
384,252727.13198845965,5.603441819510066
385,252722.68985059133,5.657813794866818
386,252722.61063432664,5.58437287641455
387,252720.99201267562,5.628927109955795
388,252727.642558675,5.60775695816634
389,252725.43567636062,5.633041055156376
390,252721.26525233994,5.639865263025089
391,252716.86815677403,5.633012972104966
392,252720.9485205483,5.599122938633974
393,252721.01592889987,5.61576204472814
394,252719.18457968163,5.623178394684457
395,252719.457879694,5.617499982969828
396,252731.79482450098,5.623981477833275
397,252722.00105211,5.615967247428562
398,252724.6777180825,5.615769136614788
399,252721.02942617086,5.630402762988967
400,252728.59715003872,5.580602377868358
401,252721.8774800537,5.652796915342048
402,252722.41800458895,5.613984086973494
403,252731.4983219878,5.647603281056625
404,252724.16367572936,5.633215599047149
405,252722.8845992756,5.63969466124205
406,252724.60751215837,5.617383171904638
407,252720.0896941927,5.622245752671268
408,252723.1008129276,5.6242707067582165
409,252723.03124592156,5.627981127490863
410,252722.74682918336,5.625862496725886
411,252725.68842112436,5.646920369692031
412,252721.02630333387,5.607614689754457
413,252723.55607026577,5.627183189352549
414,252726.1646815856,5.628945814226381
415,252723.6491173651,5.6167905682485335
416,252725.62286859518,5.631729593430993
417,252725.897717016,5.6511880992757
418,252724.18079632666,5.620055239054909
419,252722.86559507815,5.643266018451755
420,252723.71401103158,5.615597823395661
421,252721.37204804888,5.622055259862144
422,252723.0639526712,5.608904845746978
423,252718.80300883186,5.640366192465397
424,252722.30071722314,5.599256114052358
425,252722.30687599082,5.621390960757449
426,252721.22926571907,5.613105042462472
427,252727.9929381808,5.642023963764845
428,252719.40439215314,5.610477368066522
429,252719.57992594992,5.630054696382978
430,252723.23665345495,5.637927877016214
431,252722.11368187412,5.610825386973346
432,252721.3537967117,5.64417217090324
433,252727.24425067223,5.619198253955281
434,252721.3809998306,5.624260886281116
435,252723.31591915124,5.6051914552839825
436,252721.09546373677,5.611736712060866
437,252720.41004680106,5.6173196804507475
438,252719.57879310023,5.612097979851133
439,252719.44910441345,5.624886476594066
440,252728.0188265831,5.5854951709674445
441,252727.6630746703,5.625987388274866
442,252729.63078615037,5.595456993338195
443,252722.06963177258,5.620829835960954
444,252722.86526613787,5.595545966031574
445,252720.71201610798,5.612077336733448
446,252720.60735332314,5.585487635169023
447,252722.85293670237,5.6379419992379916
448,252720.30661989696,5.6121043120404375
449,252720.3400953111,5.618592415652715
450,252731.46953777922,5.621241669633404
451,252723.59892205047,5.630619816386789
452,252720.38070822816,5.619981921542351
453,252723.7349341167,5.630381474343852
454,252725.99803250824,5.587696556619558
455,252726.10020355583,5.6226053594628675
456,252724.7049024128,5.6016199449175135
457,252722.94383087824,5.628885429084583
458,252723.8959988841,5.627764100907541
459,252722.31549226353,5.621620351249365
460,252722.18837716646,5.6133101314709295
461,252723.13037006475,5.625592655737271
462,252720.69613425137,5.623482849703069
463,252720.5557026586,5.63794163122963
464,252723.79819589708,5.620997368534729
465,252720.13005747346,5.63998965107042
466,252718.06145571626,5.609818756963294
467,252721.77146753488,5.623183057987059
468,252724.45045501197,5.588858051638059
469,252726.02715903908,5.61901688847301
470,252721.7931501081,5.6062046127677085
471,252726.7093057311,5.628768258441322
472,252720.94231220928,5.6036855163470065
473,252724.65544399805,5.627519958870153
474,252726.97652747697,5.634653497006747
475,252724.4458950822,5.649230513923381
476,252723.26995484025,5.633767915265711
477,252724.66610939306,5.645385757724916
478,252723.50451321207,5.5906337574980975
479,252720.73162324447,5.623202938416975
480,252720.07117208163,5.626208090345701
481,252725.96437317174,5.628395450619491
482,252722.92142772797,5.616562291879007
483,252725.7075665758,5.634405258172337
484,252724.57557880937,5.606707719130688
485,252721.69805741054,5.615882986907181
486,252722.7025641708,5.618228401368171
487,252720.41159088735,5.6179390736787
488,252724.0885167438,5.620675152277484
489,252722.62351715568,5.611963511307651
490,252720.3746175392,5.620188771253975
491,252722.9677295587,5.644735642223408
492,252725.22298095463,5.61725452853751
493,252725.71504472612,5.63246055201128
494,252722.23892384156,5.604489766143229
495,252726.21041595918,5.635099011772049
496,252727.4778196045,5.597393949602002
497,252724.4198406073,5.612107061366067
498,252722.77115046885,5.59766257708719
499,252723.87566054682,5.620918853154897
500,252726.08191243827,5.592243384430998
501,252721.17986461765,5.623191137226005
502,252721.21998103728,5.598862594249394
503,252723.75246547416,5.61505117757712
504,252722.4172927054,5.60192469875508
505,252725.4204511829,5.629851854500973
506,252726.6485475725,5.620790362010385
507,252720.57688316656,5.633296199720758
508,252722.45665433025,5.624840832445555
509,252721.5278531809,5.627277824860209
510,252722.86415546428,5.643062834169689
511,252718.85789078122,5.619658654877817
512,252721.35521585174,5.629746870382342
513,252721.200964882,5.629850926927831
514,252721.70525480807,5.632784318591283
515,252722.265546542,5.615596357379702
516,252724.1164622173,5.631638956990665
517,252724.8434931251,5.58936928882001
518,252727.31268735306,5.630214395085597
519,252728.929475591,5.613751343699679
520,252726.72419432926,5.6310779407295755
521,252720.85635840625,5.6116984229151265
522,252723.93865673643,5.629320742129735
523,252721.87489321275,5.600512505623986
524,252722.38006399976,5.638614681599163
525,252724.110877526,5.608925006656363
526,252724.92250373407,5.645798215999053
527,252719.56348173827,5.591774357296319
528,252721.6020649437,5.62550738478353
529,252724.02334775793,5.617319183700303
530,252721.22921647562,5.628012124867187
531,252728.91979070232,5.617314781686709
532,252723.52806741616,5.637755654646685
533,252720.49878907,5.635560815518998
534,252719.1704512961,5.612382208310508
535,252725.29040804098,5.596244703220922
536,252721.57512522067,5.6181068147507744
537,252718.92814121873,5.614347953770769
538,252718.66163130326,5.624157930375106
539,252723.97581287846,5.616738122820522
540,252729.59024113728,5.624005494086953
541,252721.78900313022,5.632267364366337
542,252724.00031973212,5.588455219220162
543,252724.90196859193,5.642573471080427
544,252727.34780844252,5.602902768436552
545,252722.0086650474,5.635871606517714
546,252723.99756470294,5.604485711074812
547,252726.7167399649,5.630664241701238
548,252723.08269321188,5.6198773339565635
549,252720.74446257806,5.618898053483094
550,252720.49620622257,5.6232639809115765
551,252720.99864782367,5.620027298261455
552,252720.01279911964,5.603149698885729
553,252727.60177492973,5.639448980857465
554,252722.69985912682,5.618372878029299
555,252727.44876431537,5.649889570444591
556,252720.69287849715,5.637209144859271
557,252722.49168396418,5.629955624970868
558,252723.99763247883,5.641018331810593
559,252722.87267640093,5.6425086419270984
560,252722.24885679275,5.617371515234126
561,252726.9708502312,5.640054203794147
562,252721.60466621275,5.633458683071632
563,252723.3730887456,5.627754742606898
564,252724.81411233294,5.626065514467725
565,252722.98452034628,5.579857795285685
566,252724.4194124086,5.604245738651216
567,252722.3006444252,5.609854722278219
568,252723.22740108226,5.6321814724994494
569,252722.02229204576,5.6192270358164516
570,252720.62831098225,5.598722655826208
571,252724.00284453976,5.609844630746473
572,252722.24190886144,5.641978172262513
573,252723.7554560218,5.6205635847188145
574,252723.31486136984,5.627415509762719
575,252721.98400446452,5.6069253855833106
576,252724.5068922682,5.634935484954811
577,252725.61237363433,5.6001882615003815
578,252727.25215591653,5.651983776916168
579,252724.12707445578,5.618527366480532
580,252726.1026616352,5.630936284962711
581,252730.10714588885,5.617849420937606
582,252724.53447325644,5.64157544246336
583,252721.44840211555,5.603606031077255
584,252722.53627554252,5.618408482600005
585,252726.19741715322,5.607300701028385
586,252724.3675760557,5.633074561301636
587,252722.14105001208,5.595870047137603
588,252722.1683050187,5.617222570761406
589,252725.81395422455,5.596079316059658
590,252724.92737746736,5.626597499505742
591,252723.94963089802,5.609945837973192
592,252721.69940252876,5.627716574346113
593,252723.7558891232,5.613540729180279
594,252724.8652556073,5.661169322137488
595,252718.22597588095,5.612162619356073
596,252720.19810482708,5.612359380851979
597,252721.50656241126,5.6317909662688015
598,252719.77555576566,5.617881888405503
599,252722.65300527966,5.634391736073536
600,252726.91758371808,5.641955256408836
601,252723.84158114617,5.629992195031427
602,252720.79003620165,5.624046156276694
603,252732.3860421984,5.608883808695297
604,252724.4812635315,5.664627959993323
605,252719.57822049406,5.591361299169222
606,252719.12855974823,5.620118379200732
607,252726.67153575487,5.630207431068773
608,252721.38727531992,5.635375510360674
609,252721.16854769876,5.612266399332065
610,252723.2022298752,5.632635757999082
611,252727.21147190116,5.594249447938514
612,252727.51572257874,5.624421603776996
613,252725.13882821234,5.618880055640061
614,252724.28772275278,5.639144217901124
615,252719.81353549805,5.627503215283453
616,252722.11912721733,5.63651208918861
617,252719.80892959386,5.611056133752423
618,252720.18574497636,5.629784127981886
619,252722.26838066734,5.597535723124064
620,252722.74719922047,5.645137908820912
621,252721.7125958254,5.594776443323114
622,252723.85109709806,5.631951825247192
623,252730.71418065502,5.617933602681729
624,252721.11759211033,5.642197945283548
625,252723.0129528702,5.617039401001331
626,252718.1956908037,5.611486490243856
627,252719.79632159066,5.636617119261725
628,252717.40233002137,5.614311822855492
629,252719.31443242112,5.631068249191447
630,252720.2901714808,5.622547006511862
631,252725.98619573365,5.632568836384914
632,252722.4573705651,5.6502945837704655
633,252723.47609643027,5.627435620788848
634,252724.7598605866,5.623913795794398
635,252721.187770867,5.622844563128533
636,252722.49067333358,5.626577498698752
637,252721.3368252459,5.6372043881001295
638,252723.21045201816,5.621593065141737
639,252724.2762415914,5.645937302115001
640,252720.15170477418,5.623967115021157
641,252729.30217811832,5.650698610972503
642,252720.47071615147,5.638390024990919
643,252723.3703746353,5.6334432575935836
644,252724.57545752858,5.640395393985683
645,252723.4886357176,5.62318164392063
646,252726.0825628169,5.662704554268146
647,252720.2403847524,5.6032426234608925
648,252720.91165393795,5.636589759001523
649,252716.66677479513,5.62164796223292
650,252720.3252369538,5.609902320495385
651,252726.35392538086,5.603443712661989
652,252719.62095714966,5.620338875316373
653,252723.78724558165,5.632874336670088
654,252716.56812133727,5.60846359076393
655,252719.55367887768,5.6346697039182025
656,252722.88393759623,5.619006343586133
657,252720.06276462792,5.63427389976237
658,252722.98393585254,5.620946370407538
659,252724.60449536802,5.646351834569205
660,252725.15539449864,5.623440229035485
661,252723.01022440128,5.63626227544945
662,252722.79463549185,5.614956821035853
663,252728.50672359313,5.639184863400793
664,252722.33769196377,5.601405082935506
665,252722.989326766,5.632219255547095
666,252723.79990838055,5.597079109983127
667,252724.4056071722,5.608163735955035
668,252723.6445932406,5.610238934755042
669,252724.79614062782,5.617606261257297
670,252724.0075328625,5.599524189128099
671,252723.2871664829,5.633612676269142
672,252721.98863882624,5.601767566794153
673,252717.7183793838,5.626864695289998
674,252723.92871580567,5.601556513263665
675,252722.16579669385,5.6430128925705825
676,252720.65701699088,5.595434228742182
677,252717.6975601186,5.609522026430319
678,252721.07013277075,5.6168423515135775
679,252721.76980340385,5.593835038518992
680,252724.77927828723,5.632489190859337
681,252719.6882322071,5.624036658793463
682,252720.1279548618,5.613213065846828
683,252723.51843610374,5.633345154768973
684,252721.4332011835,5.620818076623285
685,252718.1709891889,5.616378753830776
686,252720.5024301175,5.612445415189192
687,252720.05688427086,5.636192662509022
688,252722.92138675845,5.629171793376766
689,252724.9071063812,5.628617306117886
690,252725.94269393076,5.626480038347152
691,252723.56729096855,5.597354438766082
692,252724.2408639816,5.626730699627641
693,252721.062331822,5.621794735872873
694,252725.3244955075,5.628921904622456
695,252722.552237025,5.606955306307539
696,252724.6619663019,5.659138556561846
697,252719.04516433997,5.61559438161523
698,252722.299915056,5.633158949654312
699,252724.98022435472,5.623599047581763
700,252726.16828073165,5.631400378066469
701,252722.7264756681,5.606659490106966
702,252718.01343059362,5.623688291410208
703,252720.5946641594,5.5970296667282184
704,252722.88454452614,5.630923079602619
705,252720.83166880737,5.625967420486175
706,252726.96082558244,5.623812219941223
707,252720.9737177315,5.613119838062306
708,252725.41285218182,5.6293626992327965
709,252718.69089545019,5.624989228677201
710,252724.8743823176,5.634877103175871
711,252722.87100256796,5.618044092605458
712,252727.8283335551,5.635922427451064
713,252724.65339860605,5.613218116799703
714,252723.09120955336,5.628766845853032
715,252722.19163918804,5.598328381121073
716,252721.87166719904,5.6263793901732635
717,252721.18931165978,5.6029889906729515
718,252720.91571468132,5.606647134057131
719,252726.0355244276,5.612902107357575
720,252723.62758519375,5.644831928450465
721,252723.62680254114,5.613020307373928
722,252721.85668835475,5.618728947720438
723,252723.32463994526,5.624852312388474
724,252719.39360334974,5.6486905730069825
725,252718.583881849,5.631560414382007
726,252726.31241497572,5.619700867563989
727,252723.4864917338,5.630182135876611
728,252726.73973628663,5.623736210480173
729,252724.65926971665,5.6486673354481205
730,252721.84178844697,5.620975700964349
731,252723.0827692013,5.629620969136886
732,252724.3093324884,5.649855573779341
733,252723.72315821605,5.656095720534362
734,252718.85233743736,5.60561280998112
735,252722.98804776883,5.622291086415335
736,252730.7396482473,5.619199547315119
737,252723.12082425487,5.611145606731086
738,252722.18229209064,5.637052266789219
739,252722.41699256643,5.6293209650313445
740,252723.6650194763,5.620591656775458
741,252722.70352893282,5.641794917760157
742,252722.29393810302,5.62460863003658
743,252722.47809674204,5.607936944891222
744,252721.83929015993,5.616690123841852
745,252719.8002500845,5.593290488831094
746,252719.8672833955,5.608668267561616
747,252721.38487091596,5.615724241806562
748,252723.97183571634,5.60478746700425
749,252726.8929687763,5.624151047777927
750,252724.3471305641,5.607923967698061
751,252726.06089987516,5.636315458143027
752,252721.17236709455,5.6168551980384915
753,252725.34438348672,5.637383644770456
754,252722.78416816134,5.607553711217605
755,252723.8331239564,5.656198689127979
756,252720.84425421793,5.602120990464564
757,252719.5191066715,5.618363907491192
758,252722.92794820637,5.6179923501947995
759,252721.59076586657,5.6265217619435335
760,252724.35755099775,5.592437668794407
761,252723.79127993243,5.6432682374126255
762,252723.23910548675,5.602602715639157
763,252721.6861315471,5.650306291507647
764,252722.23400697813,5.608608464212164
765,252726.28090279753,5.626136917050517
766,252724.13174723205,5.617766675434841
767,252724.36074032704,5.620634253349754
768,252722.5708175181,5.593984104945193
769,252724.8800829847,5.638587758080772
770,252723.68088129244,5.604266416417556
771,252723.81972884797,5.628749602437169
772,252724.28418208566,5.5977893821916105
773,252725.43965969566,5.623698287482206
774,252720.69953385246,5.601018295115232
775,252721.60383438464,5.608583690658175
776,252727.08056076514,5.610542461601245
777,252721.80214123122,5.6183544781831944
778,252721.62388491072,5.592878871207429
779,252722.89480277203,5.623351767918727
780,252727.36422278825,5.615902192468666
781,252724.99575591972,5.635856402484284
782,252722.40359454823,5.602349866664382
783,252725.54942700226,5.6569283538044175
784,252724.0500865854,5.589950713463241
785,252720.66005585907,5.62829576743039
786,252722.77023370916,5.623113145131686
787,252721.18147885363,5.634000057508714
788,252724.99264355516,5.595696948045814
789,252724.27606578945,5.621703041919683
790,252729.34732728658,5.623624843700356
791,252726.7878997649,5.644611500468681
792,252719.96274267352,5.6446198218196635
793,252720.78626941983,5.633620441665249
794,252727.60049453093,5.613559605425223
795,252722.63251029258,5.641205040227152
796,252721.034173896,5.640925381246821
797,252716.9841281193,5.62403853756505
798,252717.48216801207,5.642566349519078
799,252719.486877635,5.618001631613398
800,252721.98129040882,5.646809328090843
801,252722.94959831037,5.627957446300981
802,252725.38058679673,5.6428054096199185
803,252723.21420244328,5.632255359962226
804,252731.7674687267,5.6289755771630405
805,252722.78784210715,5.650915311201079
806,252727.06478594177,5.618732117699413
807,252726.40570869885,5.652859601014396
808,252721.40890460642,5.603553858399335
809,252719.4774612469,5.623016023906641
810,252719.36288210494,5.627220881197593
811,252723.11870674428,5.626662735578956
812,252726.35867766233,5.641272842298049
813,252725.26913362334,5.635869574201179
814,252722.93984173355,5.606317959007324
815,252723.54723060815,5.641262718591539
816,252725.77739674906,5.620680830319748
817,252725.79589287392,5.649887529283742
818,252721.82459468432,5.617577930556037
819,252724.45278761757,5.649357343827839
820,252719.27544690104,5.609504723081479
821,252718.2019792153,5.643866041037193
822,252721.19700344966,5.62878694630979
823,252723.9874484782,5.637379295826116
824,252724.44142558833,5.629553297166723
825,252718.97978787567,5.648111735904329
826,252720.6216047463,5.6285016353080675
827,252723.28517497546,5.621647312453697
828,252727.44416643964,5.6151463501114955
829,252724.07846596595,5.632894897753521
830,252724.5798557839,5.597752114563617
831,252726.0118748967,5.630194408763616
832,252725.47933497804,5.616201185936365
833,252719.144087085,5.628220459931198
834,252727.8845823718,5.618259418409925
835,252725.18042666494,5.630194015842035
836,252722.56845401405,5.62390743489992
837,252721.05595909944,5.622961964494413
838,252724.2121680816,5.632742613921807
839,252723.89144463517,5.61724770569215
840,252723.21649176427,5.617613564319639
841,252722.53426600102,5.648207307919905
842,252727.82133324753,5.612843892213336
843,252726.9582381283,5.625291974723029
844,252726.6162507716,5.62958542466314
845,252719.69330649698,5.628022188576069
846,252720.56552192871,5.625037574737982
847,252723.55708906747,5.6377694378867735
848,252730.21334005636,5.62431075966814
849,252723.57113251445,5.62552408923572
850,252721.2317855633,5.607201089643094
851,252722.28576997155,5.6160001639684864
852,252723.9395016128,5.608068875202852
853,252727.13491436065,5.616539765590803
854,252722.82758192945,5.614753880571115
855,252722.30974661,5.6324954346502
856,252724.03968756052,5.64138102850919
857,252720.27245436772,5.617709680470243
858,252722.35581563943,5.607835719615938
859,252727.39889832717,5.622817428418052
860,252722.60352276557,5.61985608460157
861,252727.35739202876,5.643717033556108
862,252726.24311814966,5.636604144284088
863,252722.56923105015,5.654733080925683
864,252720.79215198738,5.597676694180882
865,252722.84213998553,5.620236838984231
866,252724.1083975117,5.6114628269386
867,252721.17195053308,5.638306779082713
868,252719.8382555074,5.616797771769242
869,252721.33386172744,5.626659232104461
870,252719.94063547777,5.647685321719604
871,252724.3948536463,5.602436220538585
872,252729.29629304924,5.66182893994287
873,252717.5240138798,5.623953711891565
874,252716.9857780079,5.615515924158244
875,252719.59832702274,5.607569614190211
876,252717.96604227996,5.636674839486408
877,252720.91307207744,5.604773203696053
878,252722.51432160314,5.649977934835146
879,252720.36360964493,5.63500821164999
880,252724.12769254151,5.624262532018772
881,252720.8421512827,5.614746855024584
882,252724.44486629305,5.617132335806023
883,252721.95493352262,5.633326406144141
884,252723.92115098587,5.609511667865552
885,252724.70372410308,5.651585906356799
886,252721.58460775018,5.6094351354856675
887,252725.1164374909,5.63860020632659
888,252725.3328067908,5.615414660332732
889,252725.93909018952,5.6395531117840925
890,252725.31104060903,5.622501361319842
891,252723.71869963728,5.62642322304793
892,252724.172071548,5.6100631492223005
893,252721.36591144494,5.642622848981245
894,252720.3923554829,5.609918457230078
895,252725.3544228384,5.6367331477103795
896,252722.76246082725,5.625218767079529
897,252725.3772703571,5.607985911144699
898,252721.7437237444,5.629937766349179
899,252722.62047029362,5.6480939970484405
900,252720.13639177603,5.615569238264266
901,252721.61164420462,5.654065761742615
902,252719.28321215976,5.634120986928717
903,252725.09124521248,5.6213068994546465
904,252728.77492819531,5.654685270377068
905,252723.61804338032,5.6279039919292355
906,252723.6033049111,5.654511633239815
907,252724.23602508992,5.593690100819976
908,252724.27387809395,5.635590584992455
909,252723.9632091811,5.596000446044839
910,252727.86933704614,5.629928482549356
911,252723.46909590508,5.631207350044688
912,252722.02583926535,5.6304731768459355
913,252725.78494320152,5.617411282514237
914,252726.219649148,5.645363398178981
915,252723.34946710028,5.604346149483729
916,252718.87930692884,5.617197786695764
917,252716.11906758035,5.604827396579439
918,252724.62341539498,5.619226783603637
919,252730.45004505335,5.634871707776545
920,252723.90330891873,5.657605787364741
921,252722.36342367675,5.584183378031004
922,252720.14267604804,5.632685864919726
923,252719.89993897028,5.624625473212541
924,252720.59572283266,5.622050300477199
925,252727.9476155474,5.622022018267052
926,252719.767419659,5.629307094325925
927,252727.86503069228,5.593861378950172
928,252727.56348460302,5.630622563121779
929,252725.35649015236,5.6069272216907775
930,252720.31863615202,5.608470672368494
931,252727.25878357346,5.636338026793016
932,252720.3628140141,5.607390113031095
933,252721.10740155293,5.6249154394008825
934,252719.19426592242,5.619301747105613
935,252721.27274608746,5.599204634656843
936,252718.40137881367,5.632020378184566
937,252719.6720184449,5.597212212391274
938,252724.66577606776,5.622555793834848
939,252727.87030038176,5.595843591164529
940,252724.2439071165,5.631132136857009
941,252729.36179841746,5.619773900248084
942,252721.67337339063,5.63716787975062
943,252723.14781120978,5.5993071303748225
944,252720.5067879457,5.630841897184705
945,252726.43161218028,5.628464887887986
946,252725.06247301464,5.638577544648433
947,252725.67238402605,5.649846782590869
948,252723.2595793146,5.634864747158582
949,252723.0170039356,5.6259617463546086
950,252725.69362029908,5.629847690517055
951,252722.7981037164,5.605998173235342
952,252723.22115293168,5.6334901649260285
953,252723.30799430035,5.6054662661707
954,252723.8846561535,5.640130211491415
955,252726.380245379,5.615372035059524
956,252723.7699566885,5.639681814893548
957,252726.93924393383,5.6252414852063595
958,252723.08092361738,5.635537481082244
959,252723.30769390706,5.64123582586548
960,252724.66630465077,5.637886122238902
961,252728.9994048227,5.641395222984344
962,252722.62668242317,5.632398016039735
963,252725.04009256462,5.6020484406832125
964,252721.63330410386,5.618734976382432
965,252727.3777361233,5.594955172664966
966,252723.76569769543,5.64218397176824
967,252724.34286103,5.611617226291304
968,252719.45830873874,5.6135580895976265
969,252719.75504377595,5.616643154820123
970,252721.66650396385,5.641448948955052
971,252723.56056391334,5.615771619115609
972,252719.8794800963,5.6324804929200605
973,252722.43015796185,5.626378381078717
974,252723.47484968125,5.641084433255468
975,252725.06742474844,5.64410972793348
976,252723.38449954934,5.62468599988296
977,252723.96197941733,5.651695842901948
978,252720.54122150218,5.632799742709766
979,252726.3723635528,5.646115338252187
980,252720.9495154592,5.628875817450137
981,252721.47314050724,5.646037000998938
982,252717.76332130583,5.627245304945701
983,252724.77897788427,5.645489221502305
984,252723.82596126662,5.614902365724034
985,252727.47484952846,5.6312679858757315
986,252727.97669949278,5.620827219541261
987,252723.69966195212,5.639715162726478
988,252728.1120634759,5.604577647196335
989,252722.86384948794,5.647971061757176
990,252728.05354111257,5.6093045127356955
991,252723.835725986,5.633537172115444
992,252718.4791828185,5.59006714619999
993,252719.24824259168,5.627078215106125
994,252724.31181791396,5.585480280518392
995,252724.61788033077,5.627571617530411
996,252721.54063975002,5.6108057548919605
997,252718.6440671361,5.617014357217086
998,252723.6567794657,5.610630834446831
999,252722.57799744187,5.626584918414807
1000,252724.64377596654,5.618720155342013
